[
    { "_id": "RS101",
      "name": "Web Development", "number": "CS5610", "startDate": "2023-01-10",
      "endDate": "2023-05-15"
    },
    { "_id": "RS102",
      "name": "Aerodynamics", "number": "RS4560", "startDate": "2023-01-10", "endDate": "2023-05-15"
    },
    { "_id": "RS103",
      "name": "Spacecraft Design", "number": "RS4570", "startDate": "2023-01-10", "endDate": "2023-05-15"
    },
    { "_id": "RS104",
      "name": "Web Development", "number": "CS5610", "startDate": "2023-01-10",
      "endDate": "2023-05-15"
    },
    { "_id": "RS105",
      "name": "Aerodynamics", "number": "RS4560", "startDate": "2023-01-10", "endDate": "2023-05-15"
    },
    { "_id": "RS106",
      "name": "Spacecraft Design", "number": "RS4570", "startDate": "2023-01-10", "endDate": "2023-05-15"
    }
]
  